{
  "model_config": {
    "embedding_dim": 256,
    "num_layers": 4,
    "num_heads": 8,
    "ff_dim": 1024,
    "dropout_rate": 0.1,
    "max_sequence_length": 512,
    "vocab_size": 219,
    "gradient_clip_val": 1.0
  },
  "training_config": {
    "batch_size": 16,
    "learning_rate": 0.001,
    "max_epochs": 50,
    "warmup_steps": 4000,
    "gradient_clip_val": 1.0,
    "weight_decay": 0.01,
    "validation_split": 0.1,
    "early_stopping_patience": 10,
    "checkpoint_dir": "models\\checkpoints"
  },
  "current_epoch": 2,
  "training_history": {
    "train_loss": [
      1.4019016867496226,
      1.305004146645354
    ],
    "train_accuracy": [
      0.5196690296481125,
      0.5331870001182037
    ],
    "val_loss": [
      1.3580019691879541,
      1.3939766750043752
    ],
    "val_accuracy": [
      0.6170639260248705,
      0.6134750754581091
    ],
    "epoch_times": [
      352.8542511463165,
      361.71142959594727
    ]
  },
  "vocab_size": 219
}