{
  "model_config": {
    "embedding_dim": 256,
    "num_layers": 6,
    "num_heads": 8,
    "ff_dim": 1024,
    "dropout_rate": 0.1,
    "max_sequence_length": 512,
    "vocab_size": 12438,
    "gradient_clip_val": 1.0
  },
  "training_config": {
    "batch_size": 16,
    "learning_rate": 0.001,
    "max_epochs": 40,
    "warmup_steps": 4000,
    "gradient_clip_val": 1.0,
    "weight_decay": 0.01,
    "validation_split": 0.001,
    "early_stopping_patience": 10,
    "checkpoint_dir": "models\\checkpoints"
  },
  "current_epoch": 40,
  "training_history": {
    "train_loss": [
      5.2964393970293875,
      4.710117492920313,
      4.740932751924563,
      4.699902320519472,
      4.745192613357153,
      4.833206115624844,
      4.759927706840711,
      4.839120149612427,
      4.831149125710512,
      4.729991484911014,
      4.7497412485954085,
      4.860455323488284,
      4.827096853500757,
      4.816430599261553,
      4.81280148946322,
      4.806273026344104,
      4.809076260297727,
      4.808627972236047,
      4.799361155583308,
      4.796058440819765,
      4.802880323850191,
      4.801025402851594,
      4.806512074592786,
      4.768645182634011,
      4.734105287454067,
      4.726879920714941,
      4.721671104431152,
      4.718393851549197,
      4.711844609333919,
      4.708457616659311,
      4.708122870860955,
      4.7058416818961115,
      4.698313205670088,
      4.705759329673572,
      4.700095928632296,
      4.696394914235825,
      4.710144819357456,
      4.702667786524846,
      4.699866967323499,
      4.698717471880791
    ],
    "train_accuracy": [
      0.19656830901900926,
      0.20015823745574707,
      0.19690373635444886,
      0.191396880035217,
      0.1794859528159484,
      0.1561680184916044,
      0.1721787943671911,
      0.14810940833427969,
      0.14987570477219728,
      0.1832817828234954,
      0.19949710502838477,
      0.18515998927446511,
      0.18474870518996164,
      0.18460677411311713,
      0.1843316077421873,
      0.18266258369653654,
      0.18547705809275308,
      0.18774527406845337,
      0.19100031638756776,
      0.19222886535601738,
      0.1871699964006742,
      0.18257989657995027,
      0.1787961142567488,
      0.19243710870162034,
      0.19639249719106233,
      0.19641631994491968,
      0.19622298387380746,
      0.19669513213328826,
      0.195461970109206,
      0.19784164696167678,
      0.1978600516151159,
      0.19847482633896363,
      0.19791745241635886,
      0.19759805710651937,
      0.19799296863568136,
      0.1982429000811699,
      0.19815969257018504,
      0.1966751672518559,
      0.19696375727653503,
      0.1965363812752259
    ],
    "val_loss": [
      4.919980049133301,
      4.805408954620361,
      4.839327812194824,
      5.634275913238525,
      5.208515644073486,
      5.011456489562988,
      5.2092437744140625,
      5.01323938369751,
      5.313769340515137,
      5.227713584899902,
      4.9281535148620605,
      5.547188758850098,
      5.4910407066345215,
      5.301741123199463,
      5.356497287750244,
      5.335653305053711,
      5.4495849609375,
      5.449573993682861,
      5.616690158843994,
      5.62841272354126,
      5.431951522827148,
      5.366672039031982,
      5.3922438621521,
      5.020230293273926,
      5.046782493591309,
      5.0564775466918945,
      5.023709774017334,
      5.024464130401611,
      5.043578147888184,
      5.075795650482178,
      5.075913429260254,
      5.083146095275879,
      5.092220306396484,
      5.078864574432373,
      5.081756591796875,
      5.090506076812744,
      5.0517048835754395,
      5.0917792320251465,
      5.096055030822754,
      5.107595920562744
    ],
    "val_accuracy": [
      0.19620253145694733,
      0.17721518874168396,
      0.19620253145694733,
      0.022151898592710495,
      0.025316456332802773,
      0.025316456332802773,
      0.025316456332802773,
      0.025316456332802773,
      0.025316456332802773,
      0.025316456332802773,
      0.17405064404010773,
      0.025316456332802773,
      0.04430379718542099,
      0.025316456332802773,
      0.04430379718542099,
      0.04430379718542099,
      0.04430379718542099,
      0.04430379718542099,
      0.04430379718542099,
      0.04430379718542099,
      0.04430379718542099,
      0.04430379718542099,
      0.04430379718542099,
      0.19620253145694733,
      0.19620253145694733,
      0.19620253145694733,
      0.19620253145694733,
      0.18987342715263367,
      0.19620253145694733,
      0.19620253145694733,
      0.19620253145694733,
      0.19620253145694733,
      0.19620253145694733,
      0.19620253145694733,
      0.19620253145694733,
      0.19620253145694733,
      0.17721518874168396,
      0.17721518874168396,
      0.17721518874168396,
      0.17721518874168396
    ],
    "epoch_times": [
      10.497361421585083,
      9.450050354003906,
      9.460220098495483,
      9.460463762283325,
      9.460275650024414,
      9.453783988952637,
      9.45682978630066,
      9.445612907409668,
      9.449413061141968,
      9.457808256149292,
      9.468422174453735,
      9.46858024597168,
      9.469833612442017,
      9.45729923248291,
      9.453792810440063,
      9.458389043807983,
      9.469828128814697,
      9.467242002487183,
      9.47115707397461,
      9.45264720916748,
      9.452257871627808,
      9.44772744178772,
      9.464115619659424,
      9.466247081756592,
      9.469728946685791,
      9.46705412864685,
      9.460238695144653,
      9.463005542755127,
      9.463554620742798,
      9.463195562362671,
      9.470026016235352,
      9.462975978851318,
      9.458382844924927,
      9.46008849143982,
      9.46654200553894,
      9.4757080078125,
      9.470949411392212,
      9.468276262283325,
      9.469709396362305,
      9.463963747024536
    ]
  },
  "vocab_size": 12438
}